date;ville;temperature;hauteur vague
20/09/2026;Fort-de-France;28.5;0.8
21/09/2026;Fort-de-France;29.0;0.6
22/09/2026;Fort-de-France;27.9;1.1
23/09/2026;Fort-de-France;28.2;0.9
24/09/2026;Fort-de-France;28.7;0.7
25/09/2026;Le Lamentin;29.1;0.6
26/09/2026;Le Lamentin;28.8;0.7
27/09/2026;Le Lamentin;29.4;0.5
25/09/2026;Schoelcher;27.8;1.0
26/09/2026;Schoelcher;27.5;1.2
25/09/2026;Le Robert;28.2;1.1
25/09/2026;Sainte-Marie;27.9;1.3
25/09/2026;Le François;28.6;0.9
25/09/2026;Rivière-Pilote;28.0;0.7
20/09/2026;Le Marin;29.0;0.5
21/09/2026;Le Marin;28.6;0.6
22/09/2026;Le Marin;29.2;0.4
25/09/2026;Sainte-Anne;29.3;0.6
25/09/2026;Le Diamant;28.4;1.2
25/09/2026;Les Trois-Îlets;28.7;0.8
25/09/2026;Ducos;28.1;0.6
25/09/2026;Rivière-Salée;27.7;0.7
25/09/2026;Saint-Joseph;27.5;0.9
25/09/2026;Le Vauclin;28.8;0.7
25/09/2026;Le Morne-Rouge;25.9;1.5
25/09/2026;Saint-Pierre;27.2;1.4
26/09/2026;Saint-Pierre;27.6;1.3
25/09/2026;Le Carbet;27.4;1.3
25/09/2026;Bellefontaine;27.6;1.2
25/09/2026;Case-Pilote;27.9;1.0
25/09/2026;Le Gros-Morne;27.3;1.1
25/09/2026;Grand-Rivière;26.5;2.1
25/09/2026;Macouba;26.8;1.9
25/09/2026;Ajoupa-Bouillon;26.2;1.6
25/09/2026;Saint-Pierre;27.6;1.2
